{
  "resources": [
    "cataudiosprite.mp3"
  ],
  "spritemap": {
    "arp_synth_A": {
      "start": 0,
      "end": 1.0971428571428572,
      "loop": false
    },
    "arp_synth_B": {
      "start": 3,
      "end": 4.044897959183674,
      "loop": false
    },
    "arp_synth_C": {
      "start": 6,
      "end": 7.14938775510204,
      "loop": false
    },
    "arp_synth_D": {
      "start": 9,
      "end": 10.097142857142858,
      "loop": false
    },
    "arp_synth_E": {
      "start": 12,
      "end": 13.071020408163266,
      "loop": false
    },
    "arp_synth_F": {
      "start": 15,
      "end": 16.227755102040817,
      "loop": false
    },
    "arp_synth_G": {
      "start": 18,
      "end": 19.227755102040817,
      "loop": false
    },
    "arp_synth_G2": {
      "start": 21,
      "end": 22.12326530612245,
      "loop": false
    },
    "drumClap": {
      "start": 24,
      "end": 24.496326530612244,
      "loop": false
    },
    "drumKick": {
      "start": 26,
      "end": 26.99265306122449,
      "loop": false
    },
    "drumSnare": {
      "start": 28,
      "end": 28.99265306122449,
      "loop": false
    },
    "hexagon1": {
      "start": 30,
      "end": 33.34367346938775,
      "loop": false
    },
    "hexagon2": {
      "start": 35,
      "end": 38.70938775510204,
      "loop": false
    },
    "hexagon3": {
      "start": 40,
      "end": 43.944489795918365,
      "loop": false
    },
    "hexagon4": {
      "start": 45,
      "end": 48.369795918367345,
      "loop": false
    },
    "hexagon5": {
      "start": 50,
      "end": 53.369795918367345,
      "loop": false
    },
    "parallelogram_A-sharp-major": {
      "start": 55,
      "end": 56.04489795918367,
      "loop": false
    },
    "parallelogram_C-minor": {
      "start": 58,
      "end": 58.99265306122449,
      "loop": false
    },
    "parallelogram_D-sharp-major": {
      "start": 60,
      "end": 61.17551020408163,
      "loop": false
    },
    "parallelogram_G-minor": {
      "start": 63,
      "end": 64.01877551020408,
      "loop": false
    },
    "parallelogram_G-sharp-major": {
      "start": 66,
      "end": 67.01877551020408,
      "loop": false
    },
    "stringbass_A-sharp": {
      "start": 69,
      "end": 70.09714285714286,
      "loop": false
    },
    "stringbass_C2": {
      "start": 72,
      "end": 73.20163265306122,
      "loop": false
    },
    "stringbass_F": {
      "start": 75,
      "end": 76.09714285714286,
      "loop": false
    },
    "stringbass_G": {
      "start": 78,
      "end": 79.28,
      "loop": false
    }
  }
}