{
  "resources": [
    "cataudiosprite.mp3"
  ],
  "spritemap": {
    "arp_synth_A-sharp": {
      "start": 0,
      "end": 1.0971428571428572,
      "loop": false
    },
    "arp_synth_A-sharp2": {
      "start": 3,
      "end": 4.044897959183674,
      "loop": false
    },
    "arp_synth_C": {
      "start": 6,
      "end": 7.14938775510204,
      "loop": false
    },
    "arp_synth_C2": {
      "start": 9,
      "end": 10.14938775510204,
      "loop": false
    },
    "arp_synth_C3": {
      "start": 12,
      "end": 13.14938775510204,
      "loop": false
    },
    "arp_synth_D-sharp": {
      "start": 15,
      "end": 16.097142857142856,
      "loop": false
    },
    "arp_synth_D-sharp2": {
      "start": 18,
      "end": 19.071020408163264,
      "loop": false
    },
    "arp_synth_F": {
      "start": 21,
      "end": 22.227755102040817,
      "loop": false
    },
    "arp_synth_F2": {
      "start": 24,
      "end": 25.227755102040817,
      "loop": false
    },
    "arp_synth_G": {
      "start": 27,
      "end": 28.227755102040817,
      "loop": false
    },
    "arp_synth_G2": {
      "start": 30,
      "end": 31.12326530612245,
      "loop": false
    },
    "drumClap": {
      "start": 33,
      "end": 33.496326530612244,
      "loop": false
    },
    "drumKick": {
      "start": 35,
      "end": 35.99265306122449,
      "loop": false
    },
    "drumSnare": {
      "start": 37,
      "end": 37.99265306122449,
      "loop": false
    },
    "hexagon1": {
      "start": 39,
      "end": 42.34367346938775,
      "loop": false
    },
    "hexagon2": {
      "start": 44,
      "end": 47.70938775510204,
      "loop": false
    },
    "hexagon3": {
      "start": 49,
      "end": 52.944489795918365,
      "loop": false
    },
    "hexagon4": {
      "start": 54,
      "end": 57.369795918367345,
      "loop": false
    },
    "hexagon5": {
      "start": 59,
      "end": 62.369795918367345,
      "loop": false
    },
    "parallelogram_A-sharp-major": {
      "start": 64,
      "end": 65.20163265306122,
      "loop": false
    },
    "parallelogram_C-minor": {
      "start": 67,
      "end": 68.28,
      "loop": false
    },
    "parallelogram_D-sharp-major": {
      "start": 70,
      "end": 71.09714285714286,
      "loop": false
    },
    "parallelogram_G-minor": {
      "start": 73,
      "end": 74.09714285714286,
      "loop": false
    },
    "parallelogram_G-sharp-major": {
      "start": 76,
      "end": 77.09714285714286,
      "loop": false
    },
    "stringbass_A-sharp": {
      "start": 79,
      "end": 80.01877551020408,
      "loop": false
    },
    "stringbass_C2": {
      "start": 82,
      "end": 83.04489795918367,
      "loop": false
    },
    "stringbass_F": {
      "start": 85,
      "end": 86.01877551020408,
      "loop": false
    },
    "stringbass_G": {
      "start": 88,
      "end": 88.99265306122449,
      "loop": false
    }
  }
}